{
  "id": "c0.0.22a_05",
  "time": "2009-06-30T00:00:00+00:00",
  "releaseTime": "2009-06-30T00:00:00+00:00",
  "type": "old_alpha",
  "minecraftArguments": "${auth_player_name} ${auth_session} --gameDir ${game_directory} --assetsDir ${game_assets} --tweakClass net.minecraft.launchwrapper.AlphaVanillaTweaker",
  "downloads": {
      "client": {
          "size": 178817,
          "url": "http://pcl2-server-1253424809.file.myqcloud.com/minecraft/c0.0.22a_05.jar{CDN}"
      }
  },
  "libraries": [
    {
      "name": "net.minecraft:launchwrapper:1.6"
    },
    {
      "name": "net.sf.jopt-simple:jopt-simple:4.5"
    },
    {
      "name": "org.ow2.asm:asm-all:4.1"
    },
    {
      "name": "net.java.jinput:jinput:2.0.5"
    },
    {
      "name": "net.java.jutils:jutils:1.0.0"
    },
    {
      "name": "org.lwjgl.lwjgl:lwjgl:2.9.0",
      "rules": [
        {
          "action": "allow"
        },
        {
          "action": "disallow",
          "os": {
            "name": "osx",
            "version": "^10\\.5\\.\\d$"
          }
        }
      ]
    },
    {
      "name": "org.lwjgl.lwjgl:lwjgl_util:2.9.0",
      "rules": [
        {
          "action": "allow"
        },
        {
          "action": "disallow",
          "os": {
            "name": "osx",
            "version": "^10\\.5\\.\\d$"
          }
        }
      ]
    },
    {
      "name": "org.lwjgl.lwjgl:lwjgl-platform:2.9.0",
      "rules": [
        {
          "action": "allow"
        },
        {
          "action": "disallow",
          "os": {
            "name": "osx",
            "version": "^10\\.5\\.\\d$"
          }
        }
      ],
      "natives": {
        "linux": "natives-linux",
        "windows": "natives-windows",
        "osx": "natives-osx"
      },
      "extract": {
        "exclude": [
          "META-INF/"
        ]
      }
    },
    {
      "name": "org.lwjgl.lwjgl:lwjgl:2.9.1-nightly-20130708-debug3",
      "rules": [
        {
          "action": "allow",
          "os": {
            "name": "osx",
            "version": "^10\\.5\\.\\d$"
          }
        }
      ]
    },
    {
      "name": "org.lwjgl.lwjgl:lwjgl_util:2.9.1-nightly-20130708-debug3",
      "rules": [
        {
          "action": "allow",
          "os": {
            "name": "osx",
            "version": "^10\\.5\\.\\d$"
          }
        }
      ]
    },
    {
      "name": "org.lwjgl.lwjgl:lwjgl-platform:2.9.1-nightly-20130708-debug3",
      "rules": [
        {
          "action": "allow",
          "os": {
            "name": "osx",
            "version": "^10\\.5\\.\\d$"
          }
        }
      ],
      "natives": {
        "linux": "natives-linux",
        "windows": "natives-windows",
        "osx": "natives-osx"
      },
      "extract": {
        "exclude": [
          "META-INF/"
        ]
      }
    },
    {
      "name": "net.java.jinput:jinput-platform:2.0.5",
      "natives": {
        "linux": "natives-linux",
        "windows": "natives-windows",
        "osx": "natives-osx"
      },
      "extract": {
        "exclude": [
          "META-INF/"
        ]
      }
    },
    {
      "name": "net.java.jinput:jinput-platform:2.0.5",
      "natives": {
        "linux": "natives-linux",
        "windows": "natives-windows",
        "osx": "natives-osx"
      },
      "extract": {
        "exclude": [
          "META-INF/"
        ]
      }
    }
  ],
  "mainClass": "net.minecraft.launchwrapper.Launch",
  "minimumLauncherVersion": 7
}