{
  "assetIndex": {
    "id": "legacy",
    "sha1": "c0fd82e8ce9fbc93119e40d96d5a4e62cfa3f729",
    "size": 134284,
    "url": "https://launchermeta.mojang.com/mc/assets/legacy/c0fd82e8ce9fbc93119e40d96d5a4e62cfa3f729/legacy.json",
    "totalSize": 111220701
  },
  "downloads": {
      "client": {
          "size": 92351,
          "url": "http://pcl2-server-1253424809.file.myqcloud.com/minecraft/c0.0.14a_08.jar{CDN}"
      }
  },
  "assets": "legacy",
  "id": "c0.0.14a_08",
  "libraries": [
    {
      "name": "net.minecraft:launchwrapper:1.6",
      "downloads": {
        "artifact": {
          "size": 27583,
          "sha1": "4ea0aca9c022a234ebaf14b51fb119055955fc9d",
          "path": "net/minecraft/launchwrapper/1.6/launchwrapper-1.6.jar",
          "url": "https://libraries.minecraft.net/net/minecraft/launchwrapper/1.6/launchwrapper-1.6.jar"
        }
      }
    },
    {
      "name": "net.sf.jopt-simple:jopt-simple:4.5",
      "downloads": {
        "artifact": {
          "size": 61311,
          "sha1": "6065cc95c661255349c1d0756657be17c29a4fd3",
          "path": "net/sf/jopt-simple/jopt-simple/4.5/jopt-simple-4.5.jar",
          "url": "https://libraries.minecraft.net/net/sf/jopt-simple/jopt-simple/4.5/jopt-simple-4.5.jar"
        }
      }
    },
    {
      "name": "org.ow2.asm:asm-all:4.1",
      "downloads": {
        "artifact": {
          "size": 214592,
          "sha1": "054986e962b88d8660ae4566475658469595ef58",
          "path": "org/ow2/asm/asm-all/4.1/asm-all-4.1.jar",
          "url": "https://libraries.minecraft.net/org/ow2/asm/asm-all/4.1/asm-all-4.1.jar"
        }
      }
    },
    {
      "name": "net.java.jinput:jinput:2.0.5",
      "downloads": {
        "artifact": {
          "size": 208338,
          "sha1": "39c7796b469a600f72380316f6b1f11db6c2c7c4",
          "path": "net/java/jinput/jinput/2.0.5/jinput-2.0.5.jar",
          "url": "https://libraries.minecraft.net/net/java/jinput/jinput/2.0.5/jinput-2.0.5.jar"
        }
      }
    },
    {
      "name": "net.java.jutils:jutils:1.0.0",
      "downloads": {
        "artifact": {
          "size": 7508,
          "sha1": "e12fe1fda814bd348c1579329c86943d2cd3c6a6",
          "path": "net/java/jutils/jutils/1.0.0/jutils-1.0.0.jar",
          "url": "https://libraries.minecraft.net/net/java/jutils/jutils/1.0.0/jutils-1.0.0.jar"
        }
      }
    },
    {
      "name": "org.lwjgl.lwjgl:lwjgl:2.9.0",
      "rules": [
        { "action": "allow" },
        {
          "action": "disallow",
          "os": {
            "name": "osx",
            "version": "^10\\.5\\.\\d$"
          }
        }
      ],
      "downloads": {
        "artifact": {
          "size": 994633,
          "sha1": "5654d06e61a1bba7ae1e7f5233e1106be64c91cd",
          "path": "org/lwjgl/lwjgl/lwjgl/2.9.0/lwjgl-2.9.0.jar",
          "url": "https://libraries.minecraft.net/org/lwjgl/lwjgl/lwjgl/2.9.0/lwjgl-2.9.0.jar"
        }
      }
    },
    {
      "name": "org.lwjgl.lwjgl:lwjgl_util:2.9.0",
      "rules": [
        { "action": "allow" },
        {
          "action": "disallow",
          "os": {
            "name": "osx",
            "version": "^10\\.5\\.\\d$"
          }
        }
      ],
      "downloads": {
        "artifact": {
          "size": 173360,
          "sha1": "a778846b64008fc7f48ead2377f034e547991699",
          "path": "org/lwjgl/lwjgl/lwjgl_util/2.9.0/lwjgl_util-2.9.0.jar",
          "url": "https://libraries.minecraft.net/org/lwjgl/lwjgl/lwjgl_util/2.9.0/lwjgl_util-2.9.0.jar"
        }
      }
    },
    {
      "extract": { "exclude": [ "META-INF/" ] },
      "name": "org.lwjgl.lwjgl:lwjgl-platform:2.9.0",
      "natives": {
        "linux": "natives-linux",
        "osx": "natives-osx",
        "windows": "natives-windows"
      },
      "rules": [
        { "action": "allow" },
        {
          "action": "disallow",
          "os": {
            "name": "osx",
            "version": "^10\\.5\\.\\d$"
          }
        }
      ],
      "downloads": {
        "classifiers": {
          "natives-linux": {
            "size": 569061,
            "sha1": "2ba5dcb11048147f1a74eff2deb192c001321f77",
            "path": "org/lwjgl/lwjgl/lwjgl-platform/2.9.0/lwjgl-platform-2.9.0-natives-linux.jar",
            "url": "https://libraries.minecraft.net/org/lwjgl/lwjgl/lwjgl-platform/2.9.0/lwjgl-platform-2.9.0-natives-linux.jar"
          },
          "natives-osx": {
            "size": 518924,
            "sha1": "6621b382cb14cc409b041d8d72829156a87c31aa",
            "path": "org/lwjgl/lwjgl/lwjgl-platform/2.9.0/lwjgl-platform-2.9.0-natives-osx.jar",
            "url": "https://libraries.minecraft.net/org/lwjgl/lwjgl/lwjgl-platform/2.9.0/lwjgl-platform-2.9.0-natives-osx.jar"
          },
          "natives-windows": {
            "size": 609967,
            "sha1": "3f11873dc8e84c854ec7c5a8fd2e869f8aaef764",
            "path": "org/lwjgl/lwjgl/lwjgl-platform/2.9.0/lwjgl-platform-2.9.0-natives-windows.jar",
            "url": "https://libraries.minecraft.net/org/lwjgl/lwjgl/lwjgl-platform/2.9.0/lwjgl-platform-2.9.0-natives-windows.jar"
          }
        }
      }
    },
    {
      "name": "org.lwjgl.lwjgl:lwjgl:2.9.1-nightly-20130708-debug3",
      "rules": [
        {
          "action": "allow",
          "os": {
            "name": "osx",
            "version": "^10\\.5\\.\\d$"
          }
        }
      ],
      "downloads": {
        "artifact": {
          "size": 996625,
          "sha1": "884511652c756fac16b37236f863f346bd1ea121",
          "path": "org/lwjgl/lwjgl/lwjgl/2.9.1-nightly-20130708-debug3/lwjgl-2.9.1-nightly-20130708-debug3.jar",
          "url": "https://libraries.minecraft.net/org/lwjgl/lwjgl/lwjgl/2.9.1-nightly-20130708-debug3/lwjgl-2.9.1-nightly-20130708-debug3.jar"
        }
      }
    },
    {
      "name": "org.lwjgl.lwjgl:lwjgl_util:2.9.1-nightly-20130708-debug3",
      "rules": [
        {
          "action": "allow",
          "os": {
            "name": "osx",
            "version": "^10\\.5\\.\\d$"
          }
        }
      ],
      "downloads": {
        "artifact": {
          "size": 173338,
          "sha1": "fb693ba4e22a85432a32e8a048893dc7a92f42ac",
          "path": "org/lwjgl/lwjgl/lwjgl_util/2.9.1-nightly-20130708-debug3/lwjgl_util-2.9.1-nightly-20130708-debug3.jar",
          "url": "https://libraries.minecraft.net/org/lwjgl/lwjgl/lwjgl_util/2.9.1-nightly-20130708-debug3/lwjgl_util-2.9.1-nightly-20130708-debug3.jar"
        }
      }
    },
    {
      "extract": { "exclude": [ "META-INF/" ] },
      "name": "org.lwjgl.lwjgl:lwjgl-platform:2.9.1-nightly-20130708-debug3",
      "natives": {
        "linux": "natives-linux",
        "osx": "natives-osx",
        "windows": "natives-windows"
      },
      "rules": [
        {
          "action": "allow",
          "os": {
            "name": "osx",
            "version": "^10\\.5\\.\\d$"
          }
        }
      ],
      "downloads": {
        "classifiers": {
          "natives-osx": {
            "size": 458181,
            "sha1": "a9b83ad85742cad09c3574a91b0423bac3f7a0f5",
            "path": "org/lwjgl/lwjgl/lwjgl-platform/2.9.1-nightly-20130708-debug3/lwjgl-platform-2.9.1-nightly-20130708-debug3-natives-osx.jar",
            "url": "https://libraries.minecraft.net/org/lwjgl/lwjgl/lwjgl-platform/2.9.1-nightly-20130708-debug3/lwjgl-platform-2.9.1-nightly-20130708-debug3-natives-osx.jar"
          }
        }
      }
    },
    {
      "extract": { "exclude": [ "META-INF/" ] },
      "name": "net.java.jinput:jinput-platform:2.0.5",
      "natives": {
        "linux": "natives-linux",
        "osx": "natives-osx",
        "windows": "natives-windows"
      },
      "downloads": {
        "classifiers": {
          "natives-linux": {
            "size": 10362,
            "sha1": "7ff832a6eb9ab6a767f1ade2b548092d0fa64795",
            "path": "net/java/jinput/jinput-platform/2.0.5/jinput-platform-2.0.5-natives-linux.jar",
            "url": "https://libraries.minecraft.net/net/java/jinput/jinput-platform/2.0.5/jinput-platform-2.0.5-natives-linux.jar"
          },
          "natives-osx": {
            "size": 12186,
            "sha1": "53f9c919f34d2ca9de8c51fc4e1e8282029a9232",
            "path": "net/java/jinput/jinput-platform/2.0.5/jinput-platform-2.0.5-natives-osx.jar",
            "url": "https://libraries.minecraft.net/net/java/jinput/jinput-platform/2.0.5/jinput-platform-2.0.5-natives-osx.jar"
          },
          "natives-windows": {
            "size": 155179,
            "sha1": "385ee093e01f587f30ee1c8a2ee7d408fd732e16",
            "path": "net/java/jinput/jinput-platform/2.0.5/jinput-platform-2.0.5-natives-windows.jar",
            "url": "https://libraries.minecraft.net/net/java/jinput/jinput-platform/2.0.5/jinput-platform-2.0.5-natives-windows.jar"
          }
        }
      }
    },
    {
      "extract": { "exclude": [ "META-INF/" ] },
      "name": "net.java.jinput:jinput-platform:2.0.5",
      "natives": {
        "linux": "natives-linux",
        "osx": "natives-osx",
        "windows": "natives-windows"
      },
      "downloads": {
        "classifiers": {
          "natives-linux": {
            "size": 10362,
            "sha1": "7ff832a6eb9ab6a767f1ade2b548092d0fa64795",
            "path": "net/java/jinput/jinput-platform/2.0.5/jinput-platform-2.0.5-natives-linux.jar",
            "url": "https://libraries.minecraft.net/net/java/jinput/jinput-platform/2.0.5/jinput-platform-2.0.5-natives-linux.jar"
          },
          "natives-osx": {
            "size": 12186,
            "sha1": "53f9c919f34d2ca9de8c51fc4e1e8282029a9232",
            "path": "net/java/jinput/jinput-platform/2.0.5/jinput-platform-2.0.5-natives-osx.jar",
            "url": "https://libraries.minecraft.net/net/java/jinput/jinput-platform/2.0.5/jinput-platform-2.0.5-natives-osx.jar"
          },
          "natives-windows": {
            "size": 155179,
            "sha1": "385ee093e01f587f30ee1c8a2ee7d408fd732e16",
            "path": "net/java/jinput/jinput-platform/2.0.5/jinput-platform-2.0.5-natives-windows.jar",
            "url": "https://libraries.minecraft.net/net/java/jinput/jinput-platform/2.0.5/jinput-platform-2.0.5-natives-windows.jar"
          }
        }
      }
    }
  ],
  "mainClass": "net.minecraft.launchwrapper.Launch",
  "minecraftArguments": "${auth_player_name} ${auth_session} --gameDir ${game_directory} --assetsDir ${game_assets} --tweakClass net.minecraft.launchwrapper.AlphaVanillaTweaker",
  "minimumLauncherVersion": 7,
  "releaseTime": "2009-05-28T22:37:00+00:00",
  "time": "2019-10-20T21:41:28+00:00",
  "type": "old_alpha"
}