{
    "downloads": {
        "client": {
            "size": 2242211,
            "url": "https://assets.minecraft.net/rc2/minecraft.jar"
        }
    },
    "id": "1.0.0-rc2-2",
    "libraries": [{
        "name": "net.minecraft:launchwrapper:1.6"
    }, {
        "name": "net.sf.jopt-simple:jopt-simple:4.5"
    }, {
        "name": "org.ow2.asm:asm-all:4.1"
    }, {
        "name": "net.java.jinput:jinput:2.0.5"
    }, {
        "name": "net.java.jutils:jutils:1.0.0"
    }, {
        "name": "org.lwjgl.lwjgl:lwjgl:2.9.0",
        "rules": [{
            "action": "allow"
        }, {
            "action": "disallow",
            "os": {
                "name": "osx",
                "version": "^10\\.5\\.\\d$"
            }
        }]
    }, {
        "name": "org.lwjgl.lwjgl:lwjgl_util:2.9.0",
        "rules": [{
            "action": "allow"
        }, {
            "action": "disallow",
            "os": {
                "name": "osx",
                "version": "^10\\.5\\.\\d$"
            }
        }]
    }, {
        "extract": {
            "exclude": ["META-INF/"]
        },
        "name": "org.lwjgl.lwjgl:lwjgl-platform:2.9.0",
        "natives": {
            "linux": "natives-linux",
            "osx": "natives-osx",
            "windows": "natives-windows"
        },
        "rules": [{
            "action": "allow"
        }, {
            "action": "disallow",
            "os": {
                "name": "osx",
                "version": "^10\\.5\\.\\d$"
            }
        }]
    }, {
        "name": "org.lwjgl.lwjgl:lwjgl:2.9.1-nightly-20130708-debug3",
        "rules": [{
            "action": "allow",
            "os": {
                "name": "osx",
                "version": "^10\\.5\\.\\d$"
            }
        }]
    }, {
        "name": "org.lwjgl.lwjgl:lwjgl_util:2.9.1-nightly-20130708-debug3",
        "rules": [{
            "action": "allow",
            "os": {
                "name": "osx",
                "version": "^10\\.5\\.\\d$"
            }
        }]
    }, {
        "extract": {
            "exclude": ["META-INF/"]
        },
        "name": "org.lwjgl.lwjgl:lwjgl-platform:2.9.1-nightly-20130708-debug3",
        "natives": {
            "linux": "natives-linux",
            "osx": "natives-osx",
            "windows": "natives-windows"
        },
        "rules": [{
            "action": "allow",
            "os": {
                "name": "osx",
                "version": "^10\\.5\\.\\d$"
            }
        }]
    }, {
        "extract": {
            "exclude": ["META-INF/"]
        },
        "name": "net.java.jinput:jinput-platform:2.0.5",
        "natives": {
            "linux": "natives-linux",
            "osx": "natives-osx",
            "windows": "natives-windows"
        }
    }, {
        "extract": {
            "exclude": ["META-INF/"]
        },
        "name": "net.java.jinput:jinput-platform:2.0.5",
        "natives": {
            "linux": "natives-linux",
            "osx": "natives-osx",
            "windows": "natives-windows"
        }
    }],
    "mainClass": "net.minecraft.launchwrapper.Launch",
    "minecraftArguments": "${auth_player_name} ${auth_session} --gameDir ${game_directory} --assetsDir ${game_assets} --tweakClass net.minecraft.launchwrapper.AlphaVanillaTweaker",
    "minimumLauncherVersion": 7,
	"assets": "pre-1.6",
    "assetIndex": {
        "id": "pre-1.6",
        "sha1": "4759bad2824e419da9db32861fcdc3a274336532",
        "size": 73813,
        "totalSize": 49381897,
        "url": "https://launchermeta.mojang.com/v1/packages/4759bad2824e419da9db32861fcdc3a274336532/pre-1.6.json"
    },
    "releaseTime": "2011-11-14T15:00:00-07:00",
    "time": "2013-08-06T07:33:30-07:00",
    "type": "snapshot"
}